Ma_NV,Phong_Ban,Thanh_Tich,Nam_Cong_Tac
NS001,KinhDoanh,85.0,2021
ns002,KinhDoanh,88.33333333333333,2022
NS003,NhanSu,90.0,2023
NS005,KyThuat,88.0,2021
ns006,KyThuat,88.33333333333333,2024
NS007,KinhDoanh,95.0,2023
NS009,NhanSu,88.33333333333333,2022
NS010,KyThuat,92.0,2024
NS011,KinhDoanh,80.0,2021
